<?xml version="1.0" encoding="UTF-8"?>
<territory-type>
    <territory color="4278190080">
        <zone name="Water" smin="0" smax="0" dmin="0" dmax="0" x="11200" z="4624" r="100"/>
    </territory>
    <territory color="4278190080">
        <zone name="Water" smin="0" smax="0" dmin="0" dmax="0" x="11200" z="4624" r="100"/>
        <zone name="Rest" smin="0" smax="0" dmin="0" dmax="0" x="9992" z="12444" r="100"/>
        <zone name="Graze" smin="0" smax="0" dmin="0" dmax="0" x="9696.67" z="12308.7" r="100"/>
    </territory>
    <territory color="4278190080">
        <zone name="Water" smin="0" smax="0" dmin="0" dmax="0" x="11200" z="4624" r="100"/>
        <zone name="Rest" smin="0" smax="0" dmin="0" dmax="0" x="13366" z="10712" r="100"/>
        <zone name="Graze" smin="0" smax="0" dmin="0" dmax="0" x="13070.7" z="10576.7" r="100"/>
    </territory>
    <territory color="4278190080">
        <zone name="Water" smin="0" smax="0" dmin="0" dmax="0" x="11200" z="4624" r="100"/>
        <zone name="Rest" smin="0" smax="0" dmin="0" dmax="0" x="14976" z="13142" r="100"/>
        <zone name="Graze" smin="0" smax="0" dmin="0" dmax="0" x="14680.7" z="13006.7" r="100"/>
    </territory>
    <territory color="4278190080">
        <zone name="Water" smin="0" smax="0" dmin="0" dmax="0" x="11200" z="4624" r="100"/>
        <zone name="Rest" smin="0" smax="0" dmin="0" dmax="0" x="2676" z="10372" r="100"/>
        <zone name="Graze" smin="0" smax="0" dmin="0" dmax="0" x="2380.67" z="10236.7" r="100"/>
    </territory>
    <territory color="4278190080">
        <zone name="Water" smin="0" smax="0" dmin="0" dmax="0" x="11200" z="4624" r="100"/>
        <zone name="Rest" smin="0" smax="0" dmin="0" dmax="0" x="11626" z="14492" r="100"/>
        <zone name="Graze" smin="0" smax="0" dmin="0" dmax="0" x="11330.7" z="14356.7" r="100"/>
    </territory>
    <territory color="4278190080">
        <zone name="Water" smin="0" smax="0" dmin="0" dmax="0" x="11200" z="4624" r="100"/>
        <zone name="Rest" smin="0" smax="0" dmin="0" dmax="0" x="11408" z="9068" r="100"/>
        <zone name="Graze" smin="0" smax="0" dmin="0" dmax="0" x="11112.7" z="8932.67" r="100"/>
    </territory>
    <territory color="4278190080">
        <zone name="Water" smin="0" smax="0" dmin="0" dmax="0" x="11200" z="4624" r="100"/>
        <zone name="Rest" smin="0" smax="0" dmin="0" dmax="0" x="9956" z="6685.33" r="100"/>
        <zone name="Graze" smin="0" smax="0" dmin="0" dmax="0" x="9660.67" z="6550" r="100"/>
    </territory>
    <territory color="4278190080">
        <zone name="Water" smin="0" smax="0" dmin="0" dmax="0" x="11200" z="4624" r="100"/>
        <zone name="Rest" smin="0" smax="0" dmin="0" dmax="0" x="16296" z="14822" r="100"/>
        <zone name="Graze" smin="0" smax="0" dmin="0" dmax="0" x="16000.7" z="14686.7" r="100"/>
    </territory>
    <territory color="4278190080">
        <zone name="Water" smin="0" smax="0" dmin="0" dmax="0" x="11200" z="4624" r="100"/>
        <zone name="Rest" smin="0" smax="0" dmin="0" dmax="0" x="10456" z="15652" r="100"/>
        <zone name="Graze" smin="0" smax="0" dmin="0" dmax="0" x="10088.7" z="15404.7" r="100"/>
    </territory>
    <territory color="4278190080">
        <zone name="Water" smin="0" smax="0" dmin="0" dmax="0" x="11200" z="4624" r="100"/>
        <zone name="Rest" smin="0" smax="0" dmin="0" dmax="0" x="6692" z="14472" r="100"/>
        <zone name="Graze" smin="0" smax="0" dmin="0" dmax="0" x="6396.67" z="14336.7" r="100"/>
    </territory>
    <territory color="4278190080">
        <zone name="Graze" smin="0" smax="0" dmin="0" dmax="0" x="6048" z="12728" r="100"/>
        <zone name="Rest" smin="0" smax="0" dmin="0" dmax="0" x="6343.33" z="12863.3" r="100"/>
        <zone name="Water" smin="0" smax="0" dmin="0" dmax="0" x="11200" z="4624" r="100"/>
    </territory>
    <territory color="4278190080">
        <zone name="Water" smin="0" smax="0" dmin="0" dmax="0" x="11200" z="4624" r="100"/>
        <zone name="Rest" smin="0" smax="0" dmin="0" dmax="0" x="6682.67" z="15505.3" r="100"/>
        <zone name="Graze" smin="0" smax="0" dmin="0" dmax="0" x="6387.33" z="15370" r="100"/>
    </territory>
    <territory color="4278190080">
        <zone name="Water" smin="0" smax="0" dmin="0" dmax="0" x="11200" z="4624" r="100"/>
        <zone name="Rest" smin="0" smax="0" dmin="0" dmax="0" x="5162.67" z="8325.33" r="100"/>
        <zone name="Graze" smin="0" smax="0" dmin="0" dmax="0" x="4867.33" z="8190" r="100"/>
    </territory>
</territory-type>
