<?xml version="1.0" encoding="UTF-8"?>
<territory-type>
    <territory color="4278190080">
        <zone name="HuntingGround" smin="0" smax="0" dmin="0" dmax="0" x="12973.3" z="6280" r="150"/>
        <zone name="Rest" smin="0" smax="0" dmin="0" dmax="0" x="13346.7" z="5753.33" r="150"/>
        <zone name="HuntingGround" smin="0" smax="0" dmin="0" dmax="0" x="12780" z="5160" r="150"/>
        <zone name="Water" smin="0" smax="0" dmin="0" dmax="0" x="11233.3" z="4640" r="100"/>
    </territory>
    <territory color="4278190080">
        <zone name="Rest" smin="0" smax="0" dmin="0" dmax="0" x="4700" z="3460" r="150"/>
        <zone name="HuntingGround" smin="0" smax="0" dmin="0" dmax="0" x="4143.33" z="3166.67" r="150"/>
        <zone name="HuntingGround" smin="0" smax="0" dmin="0" dmax="0" x="5056.67" z="3826.67" r="150"/>
        <zone name="Water" smin="0" smax="0" dmin="0" dmax="0" x="11233.3" z="4640" r="100"/>
    </territory>
    <territory color="4278190080">
        <zone name="Rest" smin="0" smax="0" dmin="0" dmax="0" x="5520" z="5360" r="150"/>
        <zone name="HuntingGround" smin="0" smax="0" dmin="0" dmax="0" x="5733.33" z="4706.67" r="150"/>
        <zone name="HuntingGround" smin="0" smax="0" dmin="0" dmax="0" x="6736.67" z="5336.67" r="150"/>
        <zone name="Water" smin="0" smax="0" dmin="0" dmax="0" x="11233.3" z="4640" r="100"/>
    </territory>
    <territory color="4278190080">
        <zone name="Rest" smin="0" smax="0" dmin="0" dmax="0" x="16744" z="3048" r="150"/>
        <zone name="HuntingGround" smin="0" smax="0" dmin="0" dmax="0" x="18745.3" z="1910.67" r="150"/>
        <zone name="HuntingGround" smin="0" smax="0" dmin="0" dmax="0" x="17194.7" z="3670.67" r="150"/>
        <zone name="Water" smin="0" smax="0" dmin="0" dmax="0" x="11233.3" z="4640" r="100"/>
    </territory>
    <territory color="4278190080">
        <zone name="Rest" smin="0" smax="0" dmin="0" dmax="0" x="19056" z="11840" r="150"/>
        <zone name="HuntingGround" smin="0" smax="0" dmin="0" dmax="0" x="18577.3" z="11478.7" r="150"/>
        <zone name="HuntingGround" smin="0" smax="0" dmin="0" dmax="0" x="19474.7" z="11774.7" r="150"/>
        <zone name="Water" smin="0" smax="0" dmin="0" dmax="0" x="11233.3" z="4640" r="100"/>
    </territory>
    <territory color="4278190080">
        <zone name="Rest" smin="0" smax="0" dmin="0" dmax="0" x="17620" z="8470" r="150"/>
        <zone name="HuntingGround" smin="0" smax="0" dmin="0" dmax="0" x="17053.3" z="7876.67" r="150"/>
        <zone name="HuntingGround" smin="0" smax="0" dmin="0" dmax="0" x="17246.7" z="8996.67" r="150"/>
        <zone name="Water" smin="0" smax="0" dmin="0" dmax="0" x="11233.3" z="4640" r="100"/>
    </territory>
    <territory color="4278190080">
        <zone name="Rest" smin="0" smax="0" dmin="0" dmax="0" x="13600" z="10060" r="150"/>
        <zone name="HuntingGround" smin="0" smax="0" dmin="0" dmax="0" x="13033.3" z="9466.67" r="150"/>
        <zone name="HuntingGround" smin="0" smax="0" dmin="0" dmax="0" x="13226.7" z="10586.7" r="150"/>
        <zone name="Water" smin="0" smax="0" dmin="0" dmax="0" x="11233.3" z="4640" r="100"/>
    </territory>
    <territory color="4278190080">
        <zone name="Rest" smin="0" smax="0" dmin="0" dmax="0" x="9400" z="2260" r="150"/>
        <zone name="HuntingGround" smin="0" smax="0" dmin="0" dmax="0" x="8833.33" z="1666.67" r="150"/>
        <zone name="HuntingGround" smin="0" smax="0" dmin="0" dmax="0" x="9026.67" z="2786.67" r="150"/>
        <zone name="Water" smin="0" smax="0" dmin="0" dmax="0" x="11233.3" z="4640" r="100"/>
    </territory>
    <territory color="4278190080">
        <zone name="Rest" smin="0" smax="0" dmin="0" dmax="0" x="18740" z="5270" r="150"/>
        <zone name="HuntingGround" smin="0" smax="0" dmin="0" dmax="0" x="18173.3" z="4676.67" r="150"/>
        <zone name="HuntingGround" smin="0" smax="0" dmin="0" dmax="0" x="18366.7" z="5796.67" r="150"/>
        <zone name="Water" smin="0" smax="0" dmin="0" dmax="0" x="11233.3" z="4640" r="100"/>
    </territory>
</territory-type>
