<?xml version="1.0" encoding="UTF-8"?>
<territory-type>
    <territory color="3013757727">
        <zone name="InfectedArmy" smin="2" smax="8" dmin="2" dmax="8" x="14316.6" z="16936.4" r="100"/>
        <zone name="InfectedArmy" smin="2" smax="8" dmin="2" dmax="8" x="14772.3" z="16415.4" r="100"/>
        <zone name="InfectedArmy" smin="2" smax="8" dmin="2" dmax="8" x="14916.9" z="16246.2" r="100"/>
        <zone name="InfectedArmy" smin="2" smax="8" dmin="2" dmax="8" x="18190" z="2035" r="100"/>
        <zone name="InfectedArmy" smin="2" smax="8" dmin="2" dmax="8" x="17805" z="2860" r="100"/>
        <zone name="InfectedArmy" smin="2" smax="8" dmin="2" dmax="8" x="18305" z="2200" r="100"/>
        <zone name="InfectedArmy" smin="2" smax="8" dmin="2" dmax="8" x="4675" z="4780" r="100"/>
        <zone name="InfectedArmy" smin="2" smax="8" dmin="2" dmax="8" x="4855" z="4815" r="100"/>
        <zone name="InfectedArmy" smin="2" smax="8" dmin="2" dmax="8" x="5035" z="4850" r="100"/>
        <zone name="InfectedArmy" smin="2" smax="8" dmin="2" dmax="8" x="5255" z="4475" r="100"/>
    </territory>
    <territory color="4285614409">
        <zone name="InfectedVillage" smin="2" smax="20" dmin="2" dmax="10" x="16860" z="5053.33" r="250"/>
        <zone name="InfectedVillage" smin="2" smax="20" dmin="2" dmax="10" x="7700" z="9390" r="250"/>
        <zone name="InfectedVillage" smin="2" smax="20" dmin="2" dmax="10" x="10040" z="7640" r="250"/>
        <zone name="InfectedVillage" smin="2" smax="20" dmin="2" dmax="10" x="11000" z="8640" r="250"/>
        <zone name="InfectedVillage" smin="2" smax="20" dmin="2" dmax="10" x="12928" z="9808" r="250"/>
        <zone name="InfectedVillage" smin="2" smax="20" dmin="2" dmax="10" x="12592" z="9528" r="250"/>
        <zone name="InfectedVillage" smin="2" smax="20" dmin="2" dmax="10" x="12904" z="8272" r="250"/>
        <zone name="InfectedVillage" smin="2" smax="20" dmin="2" dmax="10" x="10616" z="4920" r="250"/>
        <zone name="InfectedVillage" smin="2" smax="20" dmin="2" dmax="10" x="9064" z="5360" r="250"/>
        <zone name="InfectedVillage" smin="2" smax="20" dmin="2" dmax="10" x="7960" z="5064" r="250"/>
        <zone name="InfectedVillage" smin="2" smax="20" dmin="2" dmax="10" x="5424" z="5608" r="250"/>
        <zone name="InfectedVillage" smin="2" smax="20" dmin="2" dmax="10" x="2100" z="7713.33" r="250"/>
        <zone name="InfectedVillage" smin="2" smax="20" dmin="2" dmax="10" x="2500" z="7700" r="250"/>
        <zone name="InfectedVillage" smin="2" smax="20" dmin="2" dmax="10" x="3453.33" z="8593.33" r="250"/>
        <zone name="InfectedVillage" smin="2" smax="20" dmin="2" dmax="10" x="3160" z="7406.67" r="250"/>
        <zone name="InfectedVillage" smin="2" smax="20" dmin="2" dmax="10" x="2033.33" z="9766.67" r="250"/>
        <zone name="InfectedVillage" smin="2" smax="20" dmin="2" dmax="10" x="2500" z="11286.7" r="250"/>
        <zone name="InfectedVillage" smin="2" smax="20" dmin="2" dmax="10" x="5080" z="11133.3" r="250"/>
        <zone name="InfectedVillage" smin="2" smax="20" dmin="2" dmax="10" x="4733.33" z="12220" r="250"/>
        <zone name="InfectedVillage" smin="2" smax="20" dmin="2" dmax="10" x="5806.67" z="15353.3" r="250"/>
        <zone name="InfectedVillage" smin="2" smax="20" dmin="2" dmax="10" x="6460" z="16086.7" r="250"/>
        <zone name="InfectedVillage" smin="2" smax="20" dmin="2" dmax="10" x="4446.67" z="14320" r="250"/>
        <zone name="InfectedVillage" smin="2" smax="20" dmin="2" dmax="10" x="6220" z="12733.3" r="250"/>
        <zone name="InfectedVillage" smin="2" smax="20" dmin="2" dmax="10" x="12286.7" z="15486.7" r="250"/>
        <zone name="InfectedVillage" smin="2" smax="20" dmin="2" dmax="10" x="10113.3" z="16513.3" r="250"/>
        <zone name="InfectedVillage" smin="2" smax="20" dmin="2" dmax="10" x="16428.6" z="18394.3" r="250"/>
        <zone name="InfectedVillage" smin="2" smax="20" dmin="2" dmax="10" x="15240" z="13810" r="250"/>
        <zone name="InfectedVillage" smin="2" smax="20" dmin="2" dmax="10" x="17220" z="13870" r="250"/>
        <zone name="InfectedVillage" smin="2" smax="20" dmin="2" dmax="10" x="16390" z="15260" r="250"/>
        <zone name="InfectedVillage" smin="2" smax="20" dmin="2" dmax="10" x="14473.3" z="2893.33" r="250"/>
        <zone name="InfectedVillage" smin="2" smax="20" dmin="2" dmax="10" x="10986.7" z="1813.33" r="250"/>
        <zone name="InfectedVillage" smin="2" smax="20" dmin="2" dmax="10" x="8513.33" z="980" r="250"/>
        <zone name="InfectedVillage" smin="2" smax="20" dmin="2" dmax="10" x="5880" z="13714.3" r="250"/>
    </territory>
    <territory color="1050183752">
        <zone name="InfectedSolitude" smin="2" smax="20" dmin="2" dmax="20" x="10280" z="11720" r="4000"/>
        <zone name="InfectedSolitude" smin="2" smax="20" dmin="2" dmax="20" x="5400" z="6706.67" r="1000"/>
        <zone name="InfectedSolitude" smin="2" smax="20" dmin="2" dmax="20" x="16980" z="10280" r="4000"/>
        <zone name="InfectedSolitude" smin="2" smax="20" dmin="2" dmax="20" x="12880" z="5880" r="4000"/>
        <zone name="InfectedSolitude" smin="2" smax="20" dmin="2" dmax="20" x="7960" z="3960" r="4000"/>
        <zone name="InfectedSolitude" smin="2" smax="20" dmin="2" dmax="20" x="4840" z="9360" r="4000"/>
    </territory>
    <territory color="4280771454">
        <zone name="InfectedCity" smin="2" smax="20" dmin="2" dmax="20" x="14245.7" z="14171.4" r="250"/>
        <zone name="InfectedCity" smin="2" smax="20" dmin="2" dmax="20" x="14713.3" z="14066.7" r="250"/>
        <zone name="InfectedCity" smin="2" smax="20" dmin="2" dmax="20" x="14486.7" z="13606.7" r="250"/>
        <zone name="InfectedCity" smin="2" smax="20" dmin="2" dmax="20" x="15586.7" z="13226.7" r="250"/>
        <zone name="InfectedCity" smin="2" smax="20" dmin="2" dmax="20" x="8630.67" z="16116" r="250"/>
        <zone name="InfectedCity" smin="2" smax="20" dmin="2" dmax="20" x="9080" z="16220" r="250"/>
        <zone name="InfectedCity" smin="2" smax="20" dmin="2" dmax="20" x="8873.33" z="15860" r="250"/>
        <zone name="InfectedCity" smin="2" smax="20" dmin="2" dmax="20" x="6141.33" z="10528" r="250"/>
        <zone name="InfectedCity" smin="2" smax="20" dmin="2" dmax="20" x="6240" z="10120" r="250"/>
        <zone name="InfectedCity" smin="2" smax="20" dmin="2" dmax="20" x="6432" z="9744" r="250"/>
        <zone name="InfectedCity" smin="2" smax="20" dmin="2" dmax="20" x="6856" z="9568" r="250"/>
    </territory>
</territory-type>
