<?xml version="1.0" encoding="UTF-8" standalone="yes" ?>
<economycore>
	<classes>
<!--
These are rootclasses to be used by economy.
Do not forget to add attribute act="character", if root class represents character (player, infected, animal)
Do not forget to add attribute act="car", if root class represents moveable vehicles
-->
		<rootclass name="DefaultWeapon" /> <!-- weapons -->
		<rootclass name="DefaultMagazine" /> <!-- magazines -->
		<rootclass name="Inventory_Base" /> <!-- inventory items -->
		<rootclass name="HouseNoDestruct" reportMemoryLOD="no" /> <!-- houses, wrecks -->
		<rootclass name="SurvivorBase" act="character" reportMemoryLOD="no" /> <!-- player characters -->
		<rootclass name="DZ_LightAI" act="character" reportMemoryLOD="no" /> <!-- infected, animals -->
		<rootclass name="CarScript" act="car" reportMemoryLOD="no" /> <!-- cars (sedan, hatchback, transitBus, V3S, ...) -->
	</classes>
	<defaults>
		<default name="dyn_radius" value="30" />
		<default name="dyn_smin" value="0" />
		<default name="dyn_smax" value="0" />
		<default name="dyn_dmin" value="1" />
		<default name="dyn_dmax" value="5" />
	</defaults>
</economycore>