<?xml version="1.0" encoding="UTF-8" standalone="yes" ?>
<eventposdef>
    <event name="VehicleCivilianSedan">
		<pos x="12038.800781" z="13855.526367" a="174.419418" />
    </event>
    <event name="StaticHeliCrash">
		<zone smin="1" smax="3" dmin="3" dmax="5" r="45" />
		<pos x="1296" z="3088" a="-1" />
		<pos x="800" z="6648" a="-1" />
		<pos x="4400" z="4560" a="-1" />
		<pos x="4968" z="4656" a="-1" />
		<pos x="5280" z="8008" a="-1" />
		<pos x="6456" z="14136" a="-1" />
		<pos x="14744" z="16576" a="-1" />
		<pos x="13136" z="15960" a="-1" />
		<pos x="10696" z="4976" a="-1" />
		<pos x="7184" z="1576" a="-1" />
		<pos x="9920" z="2784" a="-1" />
		<pos x="15144" z="4040" a="-1" />
		<pos x="18312" z="2176" a="-1" />
		<pos x="17744" z="2592" a="-1" />
		<pos x="18616" z="5760" a="-1" />
		<pos x="16960" z="9424" a="-1" />
		<pos x="18968" z="11712" a="-1" />
		<pos x="18352" z="16928" a="-1" />
		<pos x="10552" z="15280" a="-1" />
		<pos x="2384" z="10440" a="-1" />
		<pos x="9960" z="6526.67" a="-1" />
		<pos x="13586.7" z="10493.3" a="-1" />
		<pos x="11633.3" z="13586.7" a="-1" />
		<pos x="10220" z="10646.7" a="-1" />
    </event>
    <event name="Loot" />
    <event name="VehicleOffroadHatchback">
		<pos x="10967.148438" z="5494.307616" a="125.181313" />
    </event>
    <event name="StaticPoliceCar">
		<pos x="1846.316407" z="11492.649414" a="336.442993" />
    </event>
    <event name="VehicleV3S">
		<pos x="10257.797851" z="3617.499512" a="270.770691" />
    </event>
	<event name="ItemPlanks">
		<pos x="3596.823486" z="2236.208984" a="20.201563" />
    </event>
    <event name="VehicleV3SChassis" >
		<pos x="10257.797851" z="3617.499512" a="270.770691" />
	</event>
	<event name="VehicleV3SCargo" />
    <event name="VehicleTransitBus" />
    <event name="InfectedVillage" />
    <event name="InfectedSolitude" />
    <event name="InfectedArmy" />
    <event name="InfectedCity" />
    <event name="InfectedMedic" />
    <event name="InfectedPolice" />
    <event name="InfectedFirefighter" />
    <event name="InfectedPrisoner" />
    <event name="AnimalDeer" />
    <event name="AnimalCow" />
    <event name="AnimalSheep" />
    <event name="AnimalRoeDeer" />
    <event name="AnimalWolf" />
    <event name="AnimalWildBoar" />
</eventposdef>
