<?xml version="1.0" encoding="UTF-8" standalone="yes"?>
<lists>
    <categories>
        <category name="tools"/>
        <category name="containers"/>
        <category name="clothes"/>
        <category name="vehiclesparts"/>
        <category name="food"/>
        <category name="weapons"/>
        <category name="books"/>
        <category name="explosives"/>
    </categories>
    <tags>
        <tag name="floor"/>
        <tag name="shelves"/>
    </tags>
    <usageflags>
        <usage name="Military"/>
        <usage name="Police"/>
        <usage name="Medic"/>
        <usage name="Firefighter"/>
        <usage name="Industrial"/>
        <usage name="Farm"/>
        <usage name="Coast"/>
        <usage name="Town"/>
        <usage name="Village"/>
        <usage name="Hunting"/>
        <usage name="Office"/>
        <usage name="School"/>
        <usage name="Prison"/>
    </usageflags>
    <valueflags>
        <value name="Tier1"/>
        <value name="Tier2"/>
        <value name="Tier3"/>
        <value name="Tier4"/>
    </valueflags>
</lists>
