<?xml version="1.0" encoding="UTF-8" standalone="yes"?>
<playerspawnpoints>
    <!--
        Spawn points settings for newly created player characters
    -->
    <fresh>
        <!-- runtime parameters used when player is spawning -->
        <spawn_params>
            <!-- used to rate point against infected -->
            <min_dist_infected>30.0</min_dist_infected>
            <max_dist_infected>70.0</max_dist_infected>
            <!-- used to rate point against other players -->
            <min_dist_player>25.0</min_dist_player>
            <max_dist_player>70.0</max_dist_player>
            <!-- used to rate point against buildings -->
            <min_dist_static>0.5</min_dist_static>
            <max_dist_static>2.0</max_dist_static>
        </spawn_params>

        <!--
            Generator parameters

            Spawn points are generated around positions given inside <generator_posbubbles> element.
            Around every position is created a rectangle with given dimensions.
            This rectangle is then sampled for spawn point candidates in form of a grid.
        -->
        <generator_params>
            <!--
                Density is sample frequency of created rectangle.

                example:                         example:
                  density 4                        density 8

                grid will look like this:        grid will look like this:

                  +-----+-----+-----+-----+        +--+--+--+--+--+--+--+--+
                  |     |     |     |     |        |  |  |  |  |  |  |  |  |
                  |     |     |     |     |        +--+--+--+--+--+--+--+--+
                  |     |     |     |     |        |  |  |  |  |  |  |  |  |
                  +-----+-----+-----+-----+        +--+--+--+--+--+--+--+--+
                  |     |     |     |     |        |  |  |  |  |  |  |  |  |
                  |     |     |     |     |        +--+--+--+--+--+--+--+--+
                  |     |     |     |     |        |  |  |  |  |  |  |  |  |
                  +-----+-----+-----+-----+        +--+--+--+--+--+--+--+--+
                  |     |     |     |     |        |  |  |  |  |  |  |  |  |
                  |     |     |     |     |        +--+--+--+--+--+--+--+--+
                  |     |     |     |     |        |  |  |  |  |  |  |  |  |
                  +-----+-----+-----+-----+        +--+--+--+--+--+--+--+--+
                  |     |     |     |     |        |  |  |  |  |  |  |  |  |
                  |     |     |     |     |        +--+--+--+--+--+--+--+--+
                  |     |     |     |     |        |  |  |  |  |  |  |  |  |
                  +-----+-----+-----+-----+        +--+--+--+--+--+--+--+--+

                Every '+' represents a spawn point candidate.
                Blank areas are space between each spawn point.
                Width of each area is exaclty width / density.
                Height of each area is exaclty height / density.
            -->
            <grid_density>8</grid_density>
            <!-- total width of grid in metres -->
            <grid_width>40.0</grid_width>
            <!-- total height of grid in metres -->
            <grid_height>40.0</grid_height>
            <!--  minimum distance from buildings for valid spawn point -->
            <min_dist_static>0.5</min_dist_static>
            <!--  maximum distance from buildings used to rate valid spawn point -->
            <max_dist_static>2.0</max_dist_static>
            <!-- terrain slope limits for valid spawn point -->
            <min_steepness>-45</min_steepness>
            <max_steepness>45</max_steepness>
        </generator_params>

        <!-- centers for grids of spawn points -->
        <generator_posbubbles>
		         <pos x="5260" z="15125" />
				 <pos x="5105" z="15840" />
				 <pos x="5925" z="16425" />
				 <pos x="6540" z="16140" />
				 <pos x="7715" z="16015" />
				 <pos x="7725" z="18170" />
				 <pos x="8855" z="17220" />
				 <pos x="10215" z="17065" />
				 <pos x="12140" z="16215" />
				 <pos x="12715" z="15545" />
				 <pos x="13650" z="14830" />
				 <pos x="15375" z="14285" />
				 <pos x="17490" z="14325" />
				 <pos x="16500" z="12530" />
				 <pos x="15780" z="12085" />
				 <pos x="18450" z="12895" />
				 <pos x="19965" z="11590" />
				 <pos x="18495" z="9630" />
				 <pos x="18490" z="8085" />
				 <pos x="17980" z="7486.67" />
				 <pos x="16366.7" z="6300" />
				 <pos x="16260" z="5666.67" />
				 <pos x="17280" z="5546.67" />
				 <pos x="18033.3" z="6406.67" />
				 <pos x="19006.7" z="7166.67" />
				 <pos x="8544" z="944" />
				 <pos x="2400" z="6568" />
				 <pos x="1960" z="8376" />
				 <pos x="1824" z="9368" />
				 <pos x="1224" z="10264" />
				 <pos x="328" z="10944" />
				 <pos x="1992" z="12016" />
				 <pos x="3128" z="12544" />
				 <pos x="3712" z="11784" />
				 <pos x="3992" z="12536" />
				 <pos x="4216" z="11544" />
				 <pos x="3568" z="13536" />
				 <pos x="4200" z="14976" />
				 <pos x="3808" z="14456" />
        </generator_posbubbles>
    </fresh>

    <!--
        Spawn points settings for server hoppers
    -->
    <hop>
        <generator_posbubbles>
			 <pos x="5260" z="15125" />
				 <pos x="5105" z="15840" />
				 <pos x="5925" z="16425" />
				 <pos x="6540" z="16140" />
				 <pos x="7715" z="16015" />
				 <pos x="7725" z="18170" />
				 <pos x="8855" z="17220" />
				 <pos x="10215" z="17065" />
				 <pos x="12140" z="16215" />
				 <pos x="12715" z="15545" />
				 <pos x="13650" z="14830" />
				 <pos x="15375" z="14285" />
				 <pos x="17490" z="14325" />
				 <pos x="16500" z="12530" />
				 <pos x="15780" z="12085" />
				 <pos x="18450" z="12895" />
				 <pos x="19965" z="11590" />
				 <pos x="18495" z="9630" />
				 <pos x="18490" z="8085" />
				 <pos x="17980" z="7486.67" />
				 <pos x="16366.7" z="6300" />
				 <pos x="16260" z="5666.67" />
				 <pos x="17280" z="5546.67" />
				 <pos x="18033.3" z="6406.67" />
				 <pos x="19006.7" z="7166.67" />
				 <pos x="8544" z="944" />
				 <pos x="2400" z="6568" />
				 <pos x="1960" z="8376" />
				 <pos x="1824" z="9368" />
				 <pos x="1224" z="10264" />
				 <pos x="328" z="10944" />
				 <pos x="1992" z="12016" />
				 <pos x="3128" z="12544" />
				 <pos x="3712" z="11784" />
				 <pos x="3992" z="12536" />
				 <pos x="4216" z="11544" />
				 <pos x="3568" z="13536" />
				 <pos x="4200" z="14976" />
				 <pos x="3808" z="14456" />
        </generator_posbubbles>
    </hop>
</playerspawnpoints>
